Cama	Fecha	Variable	Valor
1	2020-11-04T00:00:00Z	Tallos	15
1	2020-11-04T00:00:00Z	Plantas	122
1	2020-11-04T00:00:00Z	TallosPorPlanta	0.12295081967213115
1	2020-11-04T00:00:00Z	TallosPorM2	0.7211538461538461
1	2020-11-20T00:00:00Z	Tallos	3
1	2020-11-20T00:00:00Z	Plantas	122
1	2020-11-20T00:00:00Z	TallosPorPlanta	0.02459016393442623
1	2020-11-20T00:00:00Z	TallosPorM2	0.14423076923076922
1	2020-11-19T00:00:00Z	Tallos	6
1	2020-11-19T00:00:00Z	Plantas	122
1	2020-11-19T00:00:00Z	TallosPorPlanta	0.04918032786885246
1	2020-11-19T00:00:00Z	TallosPorM2	0.28846153846153844
1	2020-11-18T00:00:00Z	Tallos	8
1	2020-11-18T00:00:00Z	Plantas	122
1	2020-11-18T00:00:00Z	TallosPorPlanta	0.06557377049180328
1	2020-11-18T00:00:00Z	TallosPorM2	0.3846153846153846
1	2020-11-17T00:00:00Z	Tallos	20
1	2020-11-17T00:00:00Z	Plantas	122
1	2020-11-17T00:00:00Z	TallosPorPlanta	0.16393442622950818
1	2020-11-17T00:00:00Z	TallosPorM2	0.9615384615384615
1	2020-11-13T00:00:00Z	Tallos	7
1	2020-11-13T00:00:00Z	Plantas	122
1	2020-11-13T00:00:00Z	TallosPorPlanta	0.05737704918032787
1	2020-11-13T00:00:00Z	TallosPorM2	0.3365384615384615
1	2020-11-12T00:00:00Z	Tallos	6
1	2020-11-12T00:00:00Z	Plantas	122
1	2020-11-12T00:00:00Z	TallosPorPlanta	0.04918032786885246
1	2020-11-12T00:00:00Z	TallosPorM2	0.28846153846153844
1	2020-11-10T00:00:00Z	Tallos	3
1	2020-11-10T00:00:00Z	Plantas	122
1	2020-11-10T00:00:00Z	TallosPorPlanta	0.02459016393442623
1	2020-11-10T00:00:00Z	TallosPorM2	0.14423076923076922
1	2020-11-09T00:00:00Z	Tallos	17
1	2020-11-09T00:00:00Z	Plantas	122
1	2020-11-09T00:00:00Z	TallosPorPlanta	0.13934426229508196
1	2020-11-09T00:00:00Z	TallosPorM2	0.8173076923076923
1	2020-11-06T00:00:00Z	Tallos	5
1	2020-11-06T00:00:00Z	Plantas	122
1	2020-11-06T00:00:00Z	TallosPorPlanta	0.040983606557377046
1	2020-11-06T00:00:00Z	TallosPorM2	0.24038461538461536
1	2020-11-05T00:00:00Z	Tallos	10
1	2020-11-05T00:00:00Z	Plantas	122
1	2020-11-05T00:00:00Z	TallosPorPlanta	0.08196721311475409
1	2020-11-05T00:00:00Z	TallosPorM2	0.4807692307692307
2	2020-11-17T00:00:00Z	Tallos	11
2	2020-11-17T00:00:00Z	Plantas	122
2	2020-11-17T00:00:00Z	TallosPorPlanta	0.09016393442622951
2	2020-11-17T00:00:00Z	TallosPorM2	0.5288461538461539
2	2020-11-10T00:00:00Z	Tallos	5
2	2020-11-10T00:00:00Z	Plantas	122
2	2020-11-10T00:00:00Z	TallosPorPlanta	0.040983606557377046
2	2020-11-10T00:00:00Z	TallosPorM2	0.24038461538461536
2	2020-11-05T00:00:00Z	Tallos	6
2	2020-11-05T00:00:00Z	Plantas	122
2	2020-11-05T00:00:00Z	TallosPorPlanta	0.04918032786885246
2	2020-11-05T00:00:00Z	TallosPorM2	0.28846153846153844
2	2020-11-04T00:00:00Z	Tallos	11
2	2020-11-04T00:00:00Z	Plantas	122
2	2020-11-04T00:00:00Z	TallosPorPlanta	0.09016393442622951
2	2020-11-04T00:00:00Z	TallosPorM2	0.5288461538461539
2	2020-11-20T00:00:00Z	Tallos	5
2	2020-11-20T00:00:00Z	Plantas	122
2	2020-11-20T00:00:00Z	TallosPorPlanta	0.040983606557377046
2	2020-11-20T00:00:00Z	TallosPorM2	0.24038461538461536
2	2020-11-19T00:00:00Z	Tallos	2
2	2020-11-19T00:00:00Z	Plantas	122
2	2020-11-19T00:00:00Z	TallosPorPlanta	0.01639344262295082
2	2020-11-19T00:00:00Z	TallosPorM2	0.09615384615384615
2	2020-11-18T00:00:00Z	Tallos	8
2	2020-11-18T00:00:00Z	Plantas	122
2	2020-11-18T00:00:00Z	TallosPorPlanta	0.06557377049180328
2	2020-11-18T00:00:00Z	TallosPorM2	0.3846153846153846
2	2020-11-13T00:00:00Z	Tallos	8
2	2020-11-13T00:00:00Z	Plantas	122
2	2020-11-13T00:00:00Z	TallosPorPlanta	0.06557377049180328
2	2020-11-13T00:00:00Z	TallosPorM2	0.3846153846153846
2	2020-11-12T00:00:00Z	Tallos	11
2	2020-11-12T00:00:00Z	Plantas	122
2	2020-11-12T00:00:00Z	TallosPorPlanta	0.09016393442622951
2	2020-11-12T00:00:00Z	TallosPorM2	0.5288461538461539
2	2020-11-09T00:00:00Z	Tallos	15
2	2020-11-09T00:00:00Z	Plantas	122
2	2020-11-09T00:00:00Z	TallosPorPlanta	0.12295081967213115
2	2020-11-09T00:00:00Z	TallosPorM2	0.7211538461538461
2	2020-11-06T00:00:00Z	Tallos	3
2	2020-11-06T00:00:00Z	Plantas	122
2	2020-11-06T00:00:00Z	TallosPorPlanta	0.02459016393442623
2	2020-11-06T00:00:00Z	TallosPorM2	0.14423076923076922
3	2020-11-18T00:00:00Z	Tallos	7
3	2020-11-18T00:00:00Z	Plantas	124
3	2020-11-18T00:00:00Z	TallosPorPlanta	0.056451612903225805
3	2020-11-18T00:00:00Z	TallosPorM2	0.3365384615384615
3	2020-11-17T00:00:00Z	Tallos	13
3	2020-11-17T00:00:00Z	Plantas	124
3	2020-11-17T00:00:00Z	TallosPorPlanta	0.10483870967741936
3	2020-11-17T00:00:00Z	TallosPorM2	0.625
3	2020-11-12T00:00:00Z	Tallos	7
3	2020-11-12T00:00:00Z	Plantas	124
3	2020-11-12T00:00:00Z	TallosPorPlanta	0.056451612903225805
3	2020-11-12T00:00:00Z	TallosPorM2	0.3365384615384615
3	2020-11-10T00:00:00Z	Tallos	2
3	2020-11-10T00:00:00Z	Plantas	124
3	2020-11-10T00:00:00Z	TallosPorPlanta	0.016129032258064516
3	2020-11-10T00:00:00Z	TallosPorM2	0.09615384615384615
3	2020-11-06T00:00:00Z	Tallos	6
3	2020-11-06T00:00:00Z	Plantas	124
3	2020-11-06T00:00:00Z	TallosPorPlanta	0.04838709677419355
3	2020-11-06T00:00:00Z	TallosPorM2	0.28846153846153844
3	2020-11-05T00:00:00Z	Tallos	11
3	2020-11-05T00:00:00Z	Plantas	124
3	2020-11-05T00:00:00Z	TallosPorPlanta	0.08870967741935484
3	2020-11-05T00:00:00Z	TallosPorM2	0.5288461538461539
3	2020-11-04T00:00:00Z	Tallos	17
3	2020-11-04T00:00:00Z	Plantas	124
3	2020-11-04T00:00:00Z	TallosPorPlanta	0.13709677419354838
3	2020-11-04T00:00:00Z	TallosPorM2	0.8173076923076923
3	2020-11-20T00:00:00Z	Tallos	3
3	2020-11-20T00:00:00Z	Plantas	124
3	2020-11-20T00:00:00Z	TallosPorPlanta	0.024193548387096774
3	2020-11-20T00:00:00Z	TallosPorM2	0.14423076923076922
3	2020-11-19T00:00:00Z	Tallos	5
3	2020-11-19T00:00:00Z	Plantas	124
3	2020-11-19T00:00:00Z	TallosPorPlanta	0.04032258064516129
3	2020-11-19T00:00:00Z	TallosPorM2	0.24038461538461536
3	2020-11-13T00:00:00Z	Tallos	4
3	2020-11-13T00:00:00Z	Plantas	124
3	2020-11-13T00:00:00Z	TallosPorPlanta	0.03225806451612903
3	2020-11-13T00:00:00Z	TallosPorM2	0.1923076923076923
3	2020-11-09T00:00:00Z	Tallos	18
3	2020-11-09T00:00:00Z	Plantas	124
3	2020-11-09T00:00:00Z	TallosPorPlanta	0.14516129032258066
3	2020-11-09T00:00:00Z	TallosPorM2	0.8653846153846153
4	2020-11-19T00:00:00Z	Tallos	3
4	2020-11-19T00:00:00Z	Plantas	123
4	2020-11-19T00:00:00Z	TallosPorPlanta	0.024390243902439025
4	2020-11-19T00:00:00Z	TallosPorM2	0.14423076923076922
4	2020-11-18T00:00:00Z	Tallos	4
4	2020-11-18T00:00:00Z	Plantas	123
4	2020-11-18T00:00:00Z	TallosPorPlanta	0.032520325203252036
4	2020-11-18T00:00:00Z	TallosPorM2	0.1923076923076923
4	2020-11-17T00:00:00Z	Tallos	12
4	2020-11-17T00:00:00Z	Plantas	123
4	2020-11-17T00:00:00Z	TallosPorPlanta	0.0975609756097561
4	2020-11-17T00:00:00Z	TallosPorM2	0.5769230769230769
4	2020-11-13T00:00:00Z	Tallos	4
4	2020-11-13T00:00:00Z	Plantas	123
4	2020-11-13T00:00:00Z	TallosPorPlanta	0.032520325203252036
4	2020-11-13T00:00:00Z	TallosPorM2	0.1923076923076923
4	2020-11-12T00:00:00Z	Tallos	3
4	2020-11-12T00:00:00Z	Plantas	123
4	2020-11-12T00:00:00Z	TallosPorPlanta	0.024390243902439025
4	2020-11-12T00:00:00Z	TallosPorM2	0.14423076923076922
4	2020-11-10T00:00:00Z	Tallos	4
4	2020-11-10T00:00:00Z	Plantas	123
4	2020-11-10T00:00:00Z	TallosPorPlanta	0.032520325203252036
4	2020-11-10T00:00:00Z	TallosPorM2	0.1923076923076923
4	2020-11-09T00:00:00Z	Tallos	15
4	2020-11-09T00:00:00Z	Plantas	123
4	2020-11-09T00:00:00Z	TallosPorPlanta	0.12195121951219512
4	2020-11-09T00:00:00Z	TallosPorM2	0.7211538461538461
4	2020-11-06T00:00:00Z	Tallos	8
4	2020-11-06T00:00:00Z	Plantas	123
4	2020-11-06T00:00:00Z	TallosPorPlanta	0.06504065040650407
4	2020-11-06T00:00:00Z	TallosPorM2	0.3846153846153846
4	2020-11-05T00:00:00Z	Tallos	19
4	2020-11-05T00:00:00Z	Plantas	123
4	2020-11-05T00:00:00Z	TallosPorPlanta	0.15447154471544716
4	2020-11-05T00:00:00Z	TallosPorM2	0.9134615384615384
4	2020-11-04T00:00:00Z	Tallos	20
4	2020-11-04T00:00:00Z	Plantas	123
4	2020-11-04T00:00:00Z	TallosPorPlanta	0.16260162601626016
4	2020-11-04T00:00:00Z	TallosPorM2	0.9615384615384615
4	2020-11-20T00:00:00Z	Tallos	0
4	2020-11-20T00:00:00Z	Plantas	123
4	2020-11-20T00:00:00Z	TallosPorPlanta	0
4	2020-11-20T00:00:00Z	TallosPorM2	0
5	2020-11-04T00:00:00Z	Tallos	20
5	2020-11-04T00:00:00Z	Plantas	122
5	2020-11-04T00:00:00Z	TallosPorPlanta	0.16393442622950818
5	2020-11-04T00:00:00Z	TallosPorM2	0.9615384615384615
5	2020-11-20T00:00:00Z	Tallos	1
5	2020-11-20T00:00:00Z	Plantas	122
5	2020-11-20T00:00:00Z	TallosPorPlanta	0.00819672131147541
5	2020-11-20T00:00:00Z	TallosPorM2	0.04807692307692307
5	2020-11-19T00:00:00Z	Tallos	5
5	2020-11-19T00:00:00Z	Plantas	122
5	2020-11-19T00:00:00Z	TallosPorPlanta	0.040983606557377046
5	2020-11-19T00:00:00Z	TallosPorM2	0.24038461538461536
5	2020-11-18T00:00:00Z	Tallos	6
5	2020-11-18T00:00:00Z	Plantas	122
5	2020-11-18T00:00:00Z	TallosPorPlanta	0.04918032786885246
5	2020-11-18T00:00:00Z	TallosPorM2	0.28846153846153844
5	2020-11-17T00:00:00Z	Tallos	16
5	2020-11-17T00:00:00Z	Plantas	122
5	2020-11-17T00:00:00Z	TallosPorPlanta	0.13114754098360656
5	2020-11-17T00:00:00Z	TallosPorM2	0.7692307692307692
5	2020-11-13T00:00:00Z	Tallos	5
5	2020-11-13T00:00:00Z	Plantas	122
5	2020-11-13T00:00:00Z	TallosPorPlanta	0.040983606557377046
5	2020-11-13T00:00:00Z	TallosPorM2	0.24038461538461536
5	2020-11-12T00:00:00Z	Tallos	5
5	2020-11-12T00:00:00Z	Plantas	122
5	2020-11-12T00:00:00Z	TallosPorPlanta	0.040983606557377046
5	2020-11-12T00:00:00Z	TallosPorM2	0.24038461538461536
5	2020-11-10T00:00:00Z	Tallos	2
5	2020-11-10T00:00:00Z	Plantas	122
5	2020-11-10T00:00:00Z	TallosPorPlanta	0.01639344262295082
5	2020-11-10T00:00:00Z	TallosPorM2	0.09615384615384615
5	2020-11-09T00:00:00Z	Tallos	10
5	2020-11-09T00:00:00Z	Plantas	122
5	2020-11-09T00:00:00Z	TallosPorPlanta	0.08196721311475409
5	2020-11-09T00:00:00Z	TallosPorM2	0.4807692307692307
5	2020-11-06T00:00:00Z	Tallos	1
5	2020-11-06T00:00:00Z	Plantas	122
5	2020-11-06T00:00:00Z	TallosPorPlanta	0.00819672131147541
5	2020-11-06T00:00:00Z	TallosPorM2	0.04807692307692307
5	2020-11-05T00:00:00Z	Tallos	11
5	2020-11-05T00:00:00Z	Plantas	122
5	2020-11-05T00:00:00Z	TallosPorPlanta	0.09016393442622951
5	2020-11-05T00:00:00Z	TallosPorM2	0.5288461538461539
6	2020-11-17T00:00:00Z	Tallos	14
6	2020-11-17T00:00:00Z	Plantas	121
6	2020-11-17T00:00:00Z	TallosPorPlanta	0.11570247933884298
6	2020-11-17T00:00:00Z	TallosPorM2	0.673076923076923
6	2020-11-10T00:00:00Z	Tallos	6
6	2020-11-10T00:00:00Z	Plantas	121
6	2020-11-10T00:00:00Z	TallosPorPlanta	0.049586776859504134
6	2020-11-10T00:00:00Z	TallosPorM2	0.28846153846153844
6	2020-11-05T00:00:00Z	Tallos	11
6	2020-11-05T00:00:00Z	Plantas	121
6	2020-11-05T00:00:00Z	TallosPorPlanta	0.09090909090909091
6	2020-11-05T00:00:00Z	TallosPorM2	0.5288461538461539
6	2020-11-04T00:00:00Z	Tallos	7
6	2020-11-04T00:00:00Z	Plantas	121
6	2020-11-04T00:00:00Z	TallosPorPlanta	0.05785123966942149
6	2020-11-04T00:00:00Z	TallosPorM2	0.3365384615384615
6	2020-11-20T00:00:00Z	Tallos	2
6	2020-11-20T00:00:00Z	Plantas	121
6	2020-11-20T00:00:00Z	TallosPorPlanta	0.01652892561983471
6	2020-11-20T00:00:00Z	TallosPorM2	0.09615384615384615
6	2020-11-19T00:00:00Z	Tallos	2
6	2020-11-19T00:00:00Z	Plantas	121
6	2020-11-19T00:00:00Z	TallosPorPlanta	0.01652892561983471
6	2020-11-19T00:00:00Z	TallosPorM2	0.09615384615384615
6	2020-11-18T00:00:00Z	Tallos	7
6	2020-11-18T00:00:00Z	Plantas	121
6	2020-11-18T00:00:00Z	TallosPorPlanta	0.05785123966942149
6	2020-11-18T00:00:00Z	TallosPorM2	0.3365384615384615
6	2020-11-13T00:00:00Z	Tallos	8
6	2020-11-13T00:00:00Z	Plantas	121
6	2020-11-13T00:00:00Z	TallosPorPlanta	0.06611570247933884
6	2020-11-13T00:00:00Z	TallosPorM2	0.3846153846153846
6	2020-11-12T00:00:00Z	Tallos	8
6	2020-11-12T00:00:00Z	Plantas	121
6	2020-11-12T00:00:00Z	TallosPorPlanta	0.06611570247933884
6	2020-11-12T00:00:00Z	TallosPorM2	0.3846153846153846
6	2020-11-09T00:00:00Z	Tallos	14
6	2020-11-09T00:00:00Z	Plantas	121
6	2020-11-09T00:00:00Z	TallosPorPlanta	0.11570247933884298
6	2020-11-09T00:00:00Z	TallosPorM2	0.673076923076923
6	2020-11-06T00:00:00Z	Tallos	5
6	2020-11-06T00:00:00Z	Plantas	121
6	2020-11-06T00:00:00Z	TallosPorPlanta	0.04132231404958678
6	2020-11-06T00:00:00Z	TallosPorM2	0.24038461538461536
7	2020-11-18T00:00:00Z	Tallos	6
7	2020-11-18T00:00:00Z	Plantas	120
7	2020-11-18T00:00:00Z	TallosPorPlanta	0.05
7	2020-11-18T00:00:00Z	TallosPorM2	0.28846153846153844
7	2020-11-17T00:00:00Z	Tallos	13
7	2020-11-17T00:00:00Z	Plantas	120
7	2020-11-17T00:00:00Z	TallosPorPlanta	0.10833333333333334
7	2020-11-17T00:00:00Z	TallosPorM2	0.625
7	2020-11-12T00:00:00Z	Tallos	7
7	2020-11-12T00:00:00Z	Plantas	120
7	2020-11-12T00:00:00Z	TallosPorPlanta	0.058333333333333334
7	2020-11-12T00:00:00Z	TallosPorM2	0.3365384615384615
7	2020-11-10T00:00:00Z	Tallos	5
7	2020-11-10T00:00:00Z	Plantas	120
7	2020-11-10T00:00:00Z	TallosPorPlanta	0.041666666666666664
7	2020-11-10T00:00:00Z	TallosPorM2	0.24038461538461536
7	2020-11-06T00:00:00Z	Tallos	7
7	2020-11-06T00:00:00Z	Plantas	120
7	2020-11-06T00:00:00Z	TallosPorPlanta	0.058333333333333334
7	2020-11-06T00:00:00Z	TallosPorM2	0.3365384615384615
7	2020-11-05T00:00:00Z	Tallos	11
7	2020-11-05T00:00:00Z	Plantas	120
7	2020-11-05T00:00:00Z	TallosPorPlanta	0.09166666666666666
7	2020-11-05T00:00:00Z	TallosPorM2	0.5288461538461539
7	2020-11-04T00:00:00Z	Tallos	14
7	2020-11-04T00:00:00Z	Plantas	120
7	2020-11-04T00:00:00Z	TallosPorPlanta	0.11666666666666667
7	2020-11-04T00:00:00Z	TallosPorM2	0.673076923076923
7	2020-11-20T00:00:00Z	Tallos	2
7	2020-11-20T00:00:00Z	Plantas	120
7	2020-11-20T00:00:00Z	TallosPorPlanta	0.016666666666666666
7	2020-11-20T00:00:00Z	TallosPorM2	0.09615384615384615
7	2020-11-19T00:00:00Z	Tallos	6
7	2020-11-19T00:00:00Z	Plantas	120
7	2020-11-19T00:00:00Z	TallosPorPlanta	0.05
7	2020-11-19T00:00:00Z	TallosPorM2	0.28846153846153844
7	2020-11-13T00:00:00Z	Tallos	8
7	2020-11-13T00:00:00Z	Plantas	120
7	2020-11-13T00:00:00Z	TallosPorPlanta	0.06666666666666667
7	2020-11-13T00:00:00Z	TallosPorM2	0.3846153846153846
7	2020-11-09T00:00:00Z	Tallos	15
7	2020-11-09T00:00:00Z	Plantas	120
7	2020-11-09T00:00:00Z	TallosPorPlanta	0.125
7	2020-11-09T00:00:00Z	TallosPorM2	0.7211538461538461
8	2020-11-19T00:00:00Z	Tallos	2
8	2020-11-19T00:00:00Z	Plantas	120
8	2020-11-19T00:00:00Z	TallosPorPlanta	0.016666666666666666
8	2020-11-19T00:00:00Z	TallosPorM2	0.09615384615384615
8	2020-11-18T00:00:00Z	Tallos	6
8	2020-11-18T00:00:00Z	Plantas	120
8	2020-11-18T00:00:00Z	TallosPorPlanta	0.05
8	2020-11-18T00:00:00Z	TallosPorM2	0.28846153846153844
8	2020-11-17T00:00:00Z	Tallos	18
8	2020-11-17T00:00:00Z	Plantas	120
8	2020-11-17T00:00:00Z	TallosPorPlanta	0.15
8	2020-11-17T00:00:00Z	TallosPorM2	0.8653846153846153
8	2020-11-13T00:00:00Z	Tallos	4
8	2020-11-13T00:00:00Z	Plantas	120
8	2020-11-13T00:00:00Z	TallosPorPlanta	0.03333333333333333
8	2020-11-13T00:00:00Z	TallosPorM2	0.1923076923076923
8	2020-11-12T00:00:00Z	Tallos	7
8	2020-11-12T00:00:00Z	Plantas	120
8	2020-11-12T00:00:00Z	TallosPorPlanta	0.058333333333333334
8	2020-11-12T00:00:00Z	TallosPorM2	0.3365384615384615
8	2020-11-10T00:00:00Z	Tallos	4
8	2020-11-10T00:00:00Z	Plantas	120
8	2020-11-10T00:00:00Z	TallosPorPlanta	0.03333333333333333
8	2020-11-10T00:00:00Z	TallosPorM2	0.1923076923076923
8	2020-11-09T00:00:00Z	Tallos	18
8	2020-11-09T00:00:00Z	Plantas	120
8	2020-11-09T00:00:00Z	TallosPorPlanta	0.15
8	2020-11-09T00:00:00Z	TallosPorM2	0.8653846153846153
8	2020-11-06T00:00:00Z	Tallos	3
8	2020-11-06T00:00:00Z	Plantas	120
8	2020-11-06T00:00:00Z	TallosPorPlanta	0.025
8	2020-11-06T00:00:00Z	TallosPorM2	0.14423076923076922
8	2020-11-05T00:00:00Z	Tallos	13
8	2020-11-05T00:00:00Z	Plantas	120
8	2020-11-05T00:00:00Z	TallosPorPlanta	0.10833333333333334
8	2020-11-05T00:00:00Z	TallosPorM2	0.625
8	2020-11-04T00:00:00Z	Tallos	15
8	2020-11-04T00:00:00Z	Plantas	120
8	2020-11-04T00:00:00Z	TallosPorPlanta	0.125
8	2020-11-04T00:00:00Z	TallosPorM2	0.7211538461538461
8	2020-11-20T00:00:00Z	Tallos	3
8	2020-11-20T00:00:00Z	Plantas	120
8	2020-11-20T00:00:00Z	TallosPorPlanta	0.025
8	2020-11-20T00:00:00Z	TallosPorM2	0.14423076923076922
9	2020-11-04T00:00:00Z	Tallos	19
9	2020-11-04T00:00:00Z	Plantas	120
9	2020-11-04T00:00:00Z	TallosPorPlanta	0.15833333333333333
9	2020-11-04T00:00:00Z	TallosPorM2	0.9134615384615384
9	2020-11-20T00:00:00Z	Tallos	1
9	2020-11-20T00:00:00Z	Plantas	120
9	2020-11-20T00:00:00Z	TallosPorPlanta	0.008333333333333333
9	2020-11-20T00:00:00Z	TallosPorM2	0.04807692307692307
9	2020-11-19T00:00:00Z	Tallos	7
9	2020-11-19T00:00:00Z	Plantas	120
9	2020-11-19T00:00:00Z	TallosPorPlanta	0.058333333333333334
9	2020-11-19T00:00:00Z	TallosPorM2	0.3365384615384615
9	2020-11-18T00:00:00Z	Tallos	5
9	2020-11-18T00:00:00Z	Plantas	120
9	2020-11-18T00:00:00Z	TallosPorPlanta	0.041666666666666664
9	2020-11-18T00:00:00Z	TallosPorM2	0.24038461538461536
9	2020-11-17T00:00:00Z	Tallos	10
9	2020-11-17T00:00:00Z	Plantas	120
9	2020-11-17T00:00:00Z	TallosPorPlanta	0.08333333333333333
9	2020-11-17T00:00:00Z	TallosPorM2	0.4807692307692307
9	2020-11-13T00:00:00Z	Tallos	3
9	2020-11-13T00:00:00Z	Plantas	120
9	2020-11-13T00:00:00Z	TallosPorPlanta	0.025
9	2020-11-13T00:00:00Z	TallosPorM2	0.14423076923076922
9	2020-11-12T00:00:00Z	Tallos	7
9	2020-11-12T00:00:00Z	Plantas	120
9	2020-11-12T00:00:00Z	TallosPorPlanta	0.058333333333333334
9	2020-11-12T00:00:00Z	TallosPorM2	0.3365384615384615
9	2020-11-10T00:00:00Z	Tallos	3
9	2020-11-10T00:00:00Z	Plantas	120
9	2020-11-10T00:00:00Z	TallosPorPlanta	0.025
9	2020-11-10T00:00:00Z	TallosPorM2	0.14423076923076922
9	2020-11-09T00:00:00Z	Tallos	8
9	2020-11-09T00:00:00Z	Plantas	120
9	2020-11-09T00:00:00Z	TallosPorPlanta	0.06666666666666667
9	2020-11-09T00:00:00Z	TallosPorM2	0.3846153846153846
9	2020-11-06T00:00:00Z	Tallos	5
9	2020-11-06T00:00:00Z	Plantas	120
9	2020-11-06T00:00:00Z	TallosPorPlanta	0.041666666666666664
9	2020-11-06T00:00:00Z	TallosPorM2	0.24038461538461536
9	2020-11-05T00:00:00Z	Tallos	9
9	2020-11-05T00:00:00Z	Plantas	120
9	2020-11-05T00:00:00Z	TallosPorPlanta	0.075
9	2020-11-05T00:00:00Z	TallosPorM2	0.43269230769230765
10	2020-11-17T00:00:00Z	Tallos	10
10	2020-11-17T00:00:00Z	Plantas	120
10	2020-11-17T00:00:00Z	TallosPorPlanta	0.08333333333333333
10	2020-11-17T00:00:00Z	TallosPorM2	0.4807692307692307
10	2020-11-10T00:00:00Z	Tallos	7
10	2020-11-10T00:00:00Z	Plantas	120
10	2020-11-10T00:00:00Z	TallosPorPlanta	0.058333333333333334
10	2020-11-10T00:00:00Z	TallosPorM2	0.3365384615384615
10	2020-11-05T00:00:00Z	Tallos	13
10	2020-11-05T00:00:00Z	Plantas	120
10	2020-11-05T00:00:00Z	TallosPorPlanta	0.10833333333333334
10	2020-11-05T00:00:00Z	TallosPorM2	0.625
10	2020-11-04T00:00:00Z	Tallos	11
10	2020-11-04T00:00:00Z	Plantas	120
10	2020-11-04T00:00:00Z	TallosPorPlanta	0.09166666666666666
10	2020-11-04T00:00:00Z	TallosPorM2	0.5288461538461539
10	2020-11-20T00:00:00Z	Tallos	2
10	2020-11-20T00:00:00Z	Plantas	120
10	2020-11-20T00:00:00Z	TallosPorPlanta	0.016666666666666666
10	2020-11-20T00:00:00Z	TallosPorM2	0.09615384615384615
10	2020-11-19T00:00:00Z	Tallos	3
10	2020-11-19T00:00:00Z	Plantas	120
10	2020-11-19T00:00:00Z	TallosPorPlanta	0.025
10	2020-11-19T00:00:00Z	TallosPorM2	0.14423076923076922
10	2020-11-18T00:00:00Z	Tallos	10
10	2020-11-18T00:00:00Z	Plantas	120
10	2020-11-18T00:00:00Z	TallosPorPlanta	0.08333333333333333
10	2020-11-18T00:00:00Z	TallosPorM2	0.4807692307692307
10	2020-11-13T00:00:00Z	Tallos	4
10	2020-11-13T00:00:00Z	Plantas	120
10	2020-11-13T00:00:00Z	TallosPorPlanta	0.03333333333333333
10	2020-11-13T00:00:00Z	TallosPorM2	0.1923076923076923
10	2020-11-12T00:00:00Z	Tallos	11
10	2020-11-12T00:00:00Z	Plantas	120
10	2020-11-12T00:00:00Z	TallosPorPlanta	0.09166666666666666
10	2020-11-12T00:00:00Z	TallosPorM2	0.5288461538461539
10	2020-11-09T00:00:00Z	Tallos	14
10	2020-11-09T00:00:00Z	Plantas	120
10	2020-11-09T00:00:00Z	TallosPorPlanta	0.11666666666666667
10	2020-11-09T00:00:00Z	TallosPorM2	0.673076923076923
10	2020-11-06T00:00:00Z	Tallos	5
10	2020-11-06T00:00:00Z	Plantas	120
10	2020-11-06T00:00:00Z	TallosPorPlanta	0.041666666666666664
10	2020-11-06T00:00:00Z	TallosPorM2	0.24038461538461536
11	2020-11-18T00:00:00Z	Tallos	8
11	2020-11-18T00:00:00Z	Plantas	121
11	2020-11-18T00:00:00Z	TallosPorPlanta	0.06611570247933884
11	2020-11-18T00:00:00Z	TallosPorM2	0.3846153846153846
11	2020-11-17T00:00:00Z	Tallos	9
11	2020-11-17T00:00:00Z	Plantas	121
11	2020-11-17T00:00:00Z	TallosPorPlanta	0.0743801652892562
11	2020-11-17T00:00:00Z	TallosPorM2	0.43269230769230765
11	2020-11-12T00:00:00Z	Tallos	6
11	2020-11-12T00:00:00Z	Plantas	121
11	2020-11-12T00:00:00Z	TallosPorPlanta	0.049586776859504134
11	2020-11-12T00:00:00Z	TallosPorM2	0.28846153846153844
11	2020-11-10T00:00:00Z	Tallos	7
11	2020-11-10T00:00:00Z	Plantas	121
11	2020-11-10T00:00:00Z	TallosPorPlanta	0.05785123966942149
11	2020-11-10T00:00:00Z	TallosPorM2	0.3365384615384615
11	2020-11-06T00:00:00Z	Tallos	5
11	2020-11-06T00:00:00Z	Plantas	121
11	2020-11-06T00:00:00Z	TallosPorPlanta	0.04132231404958678
11	2020-11-06T00:00:00Z	TallosPorM2	0.24038461538461536
11	2020-11-05T00:00:00Z	Tallos	14
11	2020-11-05T00:00:00Z	Plantas	121
11	2020-11-05T00:00:00Z	TallosPorPlanta	0.11570247933884298
11	2020-11-05T00:00:00Z	TallosPorM2	0.673076923076923
11	2020-11-04T00:00:00Z	Tallos	22
11	2020-11-04T00:00:00Z	Plantas	121
11	2020-11-04T00:00:00Z	TallosPorPlanta	0.18181818181818182
11	2020-11-04T00:00:00Z	TallosPorM2	1.0576923076923077
11	2020-11-20T00:00:00Z	Tallos	3
11	2020-11-20T00:00:00Z	Plantas	121
11	2020-11-20T00:00:00Z	TallosPorPlanta	0.024793388429752067
11	2020-11-20T00:00:00Z	TallosPorM2	0.14423076923076922
11	2020-11-19T00:00:00Z	Tallos	7
11	2020-11-19T00:00:00Z	Plantas	121
11	2020-11-19T00:00:00Z	TallosPorPlanta	0.05785123966942149
11	2020-11-19T00:00:00Z	TallosPorM2	0.3365384615384615
11	2020-11-13T00:00:00Z	Tallos	4
11	2020-11-13T00:00:00Z	Plantas	121
11	2020-11-13T00:00:00Z	TallosPorPlanta	0.03305785123966942
11	2020-11-13T00:00:00Z	TallosPorM2	0.1923076923076923
11	2020-11-09T00:00:00Z	Tallos	15
11	2020-11-09T00:00:00Z	Plantas	121
11	2020-11-09T00:00:00Z	TallosPorPlanta	0.12396694214876033
11	2020-11-09T00:00:00Z	TallosPorM2	0.7211538461538461
12	2020-11-19T00:00:00Z	Tallos	3
12	2020-11-19T00:00:00Z	Plantas	120
12	2020-11-19T00:00:00Z	TallosPorPlanta	0.025
12	2020-11-19T00:00:00Z	TallosPorM2	0.14423076923076922
12	2020-11-18T00:00:00Z	Tallos	9
12	2020-11-18T00:00:00Z	Plantas	120
12	2020-11-18T00:00:00Z	TallosPorPlanta	0.075
12	2020-11-18T00:00:00Z	TallosPorM2	0.43269230769230765
12	2020-11-17T00:00:00Z	Tallos	12
12	2020-11-17T00:00:00Z	Plantas	120
12	2020-11-17T00:00:00Z	TallosPorPlanta	0.1
12	2020-11-17T00:00:00Z	TallosPorM2	0.5769230769230769
12	2020-11-13T00:00:00Z	Tallos	6
12	2020-11-13T00:00:00Z	Plantas	120
12	2020-11-13T00:00:00Z	TallosPorPlanta	0.05
12	2020-11-13T00:00:00Z	TallosPorM2	0.28846153846153844
12	2020-11-12T00:00:00Z	Tallos	5
12	2020-11-12T00:00:00Z	Plantas	120
12	2020-11-12T00:00:00Z	TallosPorPlanta	0.041666666666666664
12	2020-11-12T00:00:00Z	TallosPorM2	0.24038461538461536
12	2020-11-10T00:00:00Z	Tallos	3
12	2020-11-10T00:00:00Z	Plantas	120
12	2020-11-10T00:00:00Z	TallosPorPlanta	0.025
12	2020-11-10T00:00:00Z	TallosPorM2	0.14423076923076922
12	2020-11-09T00:00:00Z	Tallos	14
12	2020-11-09T00:00:00Z	Plantas	120
12	2020-11-09T00:00:00Z	TallosPorPlanta	0.11666666666666667
12	2020-11-09T00:00:00Z	TallosPorM2	0.673076923076923
12	2020-11-06T00:00:00Z	Tallos	10
12	2020-11-06T00:00:00Z	Plantas	120
12	2020-11-06T00:00:00Z	TallosPorPlanta	0.08333333333333333
12	2020-11-06T00:00:00Z	TallosPorM2	0.4807692307692307
12	2020-11-05T00:00:00Z	Tallos	8
12	2020-11-05T00:00:00Z	Plantas	120
12	2020-11-05T00:00:00Z	TallosPorPlanta	0.06666666666666667
12	2020-11-05T00:00:00Z	TallosPorM2	0.3846153846153846
12	2020-11-04T00:00:00Z	Tallos	29
12	2020-11-04T00:00:00Z	Plantas	120
12	2020-11-04T00:00:00Z	TallosPorPlanta	0.24166666666666667
12	2020-11-04T00:00:00Z	TallosPorM2	1.3942307692307692
12	2020-11-20T00:00:00Z	Tallos	1
12	2020-11-20T00:00:00Z	Plantas	120
12	2020-11-20T00:00:00Z	TallosPorPlanta	0.008333333333333333
12	2020-11-20T00:00:00Z	TallosPorM2	0.04807692307692307
